user_id,product_id,rating,timestamp
1310,2017,2,2023-08-29 13:19:21
1280,2913,4,2023-11-12 10:19:19
1726,2710,3,2024-07-22 07:27:14
1524,2622,5,2024-03-15 01:24:26
1901,2640,4,2024-06-28 11:59:33
1566,2823,2,2024-04-05 05:53:36
1079,2346,1,2024-06-14 16:43:22
1249,2639,1,2023-12-21 20:24:30
1131,2634,4,2023-12-14 23:50:14
1944,2839,5,2024-04-10 01:21:27
1050,2464,2,2024-08-06 09:33:43
1906,2455,1,2024-02-22 10:43:09
1283,2335,4,2024-02-06 04:22:48
1649,2327,3,2024-06-01 17:26:25
1336,2666,3,2024-05-21 00:15:14
1081,2087,2,2023-09-11 04:03:02
1991,2185,4,2023-09-16 16:40:08
1698,2123,1,2024-05-05 03:58:12
1096,2605,3,2023-11-09 18:53:47
1904,2443,2,2024-03-13 15:06:56
1991,2958,3,2023-10-29 21:17:13
1305,2357,4,2024-04-30 23:38:05
1285,2657,2,2024-01-23 21:07:39
1873,2918,3,2023-09-13 13:43:37
1738,2031,4,2024-06-18 20:21:34
1012,2191,1,2024-05-12 02:34:47
1918,2091,4,2024-07-04 20:23:21
1501,2786,5,2024-08-17 17:08:27
1111,2080,4,2024-05-01 20:35:11
1652,2433,1,2023-10-05 11:08:32
1214,2447,2,2024-03-31 19:06:11
1054,2880,1,2024-04-08 18:16:22
1795,2746,3,2024-01-28 19:12:49
1240,2846,1,2023-09-21 03:03:43
1418,2856,4,2024-07-25 20:28:01
1566,2599,5,2024-08-02 04:08:17
1748,2123,4,2024-04-14 22:14:51
1566,2216,4,2023-11-20 13:08:58
1709,2551,5,2024-02-27 02:07:32
1228,2237,4,2023-12-17 05:55:11
1330,2833,5,2023-10-12 05:44:27
1680,2487,5,2023-09-29 02:48:15
1579,2623,3,2023-11-26 22:31:40
1721,2381,5,2024-03-30 14:08:09
1815,2411,3,2024-01-05 13:19:02
1916,2525,4,2023-11-24 09:49:24
1408,2637,1,2023-10-28 16:23:36
1763,2899,3,2024-01-30 09:53:13
1650,2961,1,2023-12-17 11:37:58
1892,2186,5,2023-10-22 03:45:34
1078,2481,2,2023-11-23 02:34:02
1194,2103,1,2023-12-11 04:09:43
1376,2287,4,2024-06-08 06:25:02
1482,2723,2,2023-09-21 07:05:42
1805,2201,5,2023-12-27 01:10:52
1300,2478,3,2023-09-08 11:25:14
1809,2458,3,2023-10-03 13:24:57
1298,2364,1,2024-04-27 05:16:10
1340,2516,4,2024-07-06 10:03:02
1316,2114,5,2023-09-26 08:09:18
1618,2224,3,2023-09-27 19:42:23
1526,2710,4,2024-07-06 16:56:49
1062,2283,2,2024-04-02 12:24:29
1524,2136,2,2024-05-22 13:47:32
1144,2436,2,2024-07-02 12:47:30
1136,2489,5,2024-04-10 18:20:42
1733,2852,1,2023-09-29 17:54:30
1915,2401,4,2024-03-14 01:54:33
1449,2635,4,2024-07-11 00:01:57
1669,2270,1,2023-09-23 12:52:21
1269,2861,2,2024-07-28 07:43:59
1219,2319,1,2024-08-18 03:26:25
1285,2037,3,2023-10-29 04:09:26
1430,2792,5,2023-12-28 02:25:56
1645,2125,5,2023-09-25 23:21:12
1600,2610,2,2023-12-04 05:44:39
1607,2926,4,2024-08-16 15:03:17
1888,2256,1,2024-03-02 14:14:24
1987,2924,2,2023-12-16 05:17:15
1794,2530,4,2023-09-19 00:36:14
1392,2658,4,2024-04-24 18:33:46
1826,2253,5,2024-07-28 13:13:55
1561,2176,2,2024-03-02 02:57:41
1839,2577,4,2023-09-07 05:14:26
1289,2050,4,2023-08-28 16:00:27
1631,2852,5,2024-03-20 13:52:40
1500,2676,1,2024-01-21 15:20:05
1223,2870,4,2023-10-13 10:55:57
1899,2262,5,2024-04-01 22:44:03
1535,2903,5,2023-11-22 23:35:24
1356,2833,5,2023-12-20 23:43:30
1557,2691,4,2024-01-31 01:58:03
1984,2870,5,2023-12-21 17:06:08
1575,2029,5,2023-12-02 07:37:12
1365,2608,1,2023-09-11 07:13:42
1266,2291,1,2024-08-21 19:47:17
1219,2173,3,2024-02-23 13:43:09
1012,2516,2,2023-10-19 03:16:02
1858,2579,1,2023-09-20 23:57:40
1969,2477,1,2023-10-13 10:49:35
1082,2617,5,2024-04-26 23:13:12
1340,2441,1,2024-03-08 03:10:40
1226,2371,4,2024-02-02 21:55:08
1995,2016,5,2023-11-23 04:46:40
1333,2483,2,2024-06-13 09:35:09
1566,2288,2,2024-02-13 21:39:35
1038,2454,2,2024-04-29 23:58:10
1742,2166,4,2024-05-24 09:58:19
1205,2878,5,2024-02-28 13:19:11
1871,2333,4,2024-07-03 06:42:48
1821,2507,1,2023-10-04 18:15:20
1924,2121,3,2024-04-27 18:52:17
1722,2410,2,2023-11-18 03:26:51
1068,2114,4,2024-07-27 12:16:15
1220,2473,2,2023-09-02 02:44:09
1749,2943,2,2024-01-17 08:14:00
1298,2930,5,2023-12-23 12:20:35
1405,2492,5,2023-12-05 14:43:48
1428,2215,1,2024-04-09 07:20:29
1380,2770,3,2023-10-14 19:40:46
1752,2827,2,2023-11-06 03:09:40
1528,2916,2,2024-01-29 13:12:08
1528,2710,5,2023-09-13 18:10:44
1620,2535,2,2024-03-12 11:25:08
1549,2328,5,2024-06-01 00:36:52
1116,2150,1,2023-10-20 17:41:48
1806,2913,5,2023-08-31 15:00:40
1919,2689,5,2024-08-15 04:33:26
1177,2061,5,2023-10-21 21:25:23
1416,2383,5,2024-06-25 06:57:15
1774,2957,3,2023-09-29 06:17:31
1393,2047,5,2024-03-02 09:55:34
1498,2606,4,2024-05-14 03:05:42
1426,2426,3,2023-09-18 11:32:54
1129,2835,1,2024-08-01 02:11:02
1741,2839,3,2023-11-24 18:46:35
1740,2689,3,2024-04-10 23:48:43
1823,2900,2,2023-09-22 20:15:57
1718,2101,5,2024-06-16 13:40:02
1191,2578,3,2024-04-02 02:04:59
1790,2714,4,2023-11-10 15:20:27
1862,2737,3,2023-09-23 12:50:37
1046,2089,2,2023-11-11 04:07:12
1375,2701,1,2024-08-07 00:55:16
1352,2921,5,2024-05-14 21:32:26
1105,2337,5,2023-09-03 08:37:03
1077,2511,2,2024-08-20 14:49:03
1032,2608,2,2024-02-23 09:27:56
1104,2312,1,2024-02-19 19:14:45
1067,2978,2,2024-08-06 00:15:07
1374,2759,3,2023-10-21 01:38:51
1643,2112,5,2023-10-04 23:15:14
1408,2054,2,2023-11-26 12:16:11
1239,2752,4,2023-12-25 08:17:48
1476,2304,1,2024-01-21 00:30:21
1290,2208,4,2024-01-07 11:37:56
1903,2786,2,2024-01-03 18:05:36
1220,2231,2,2023-12-10 10:03:09
1819,2873,5,2024-03-25 14:55:00
1255,2452,5,2024-05-15 10:27:57
1089,2871,3,2024-05-18 08:11:39
1851,2699,3,2023-10-22 12:04:46
1660,2951,4,2024-05-30 14:02:44
1850,2910,2,2023-09-17 19:52:09
1038,2857,2,2024-03-08 11:58:05
1513,2360,1,2024-04-15 07:23:52
1001,2755,5,2024-07-22 02:53:57
1381,2828,1,2024-02-13 16:11:25
1859,2394,2,2023-12-24 07:38:56
1396,2860,1,2024-03-29 02:57:51
1032,2545,2,2023-10-17 23:46:51
1026,2554,2,2024-03-15 01:39:44
1061,2553,1,2023-09-30 18:15:17
1130,2867,2,2023-12-10 13:58:26
1198,2799,4,2024-01-10 23:55:07
1694,2371,4,2024-07-30 01:34:17
1719,2147,4,2024-07-21 18:17:36
1498,2048,2,2024-03-15 23:44:07
1651,2172,5,2024-04-14 23:24:47
1699,2896,3,2024-02-10 03:27:31
1376,2806,1,2024-03-05 11:38:08
1875,2533,2,2024-01-15 15:45:38
1420,2905,4,2024-08-05 16:34:13
1522,2187,5,2023-11-26 06:04:17
1033,2069,5,2024-04-11 10:31:29
1485,2285,2,2024-04-23 16:29:16
1733,2390,5,2024-08-04 21:59:52
1978,2160,4,2023-12-01 23:12:11
1554,2047,3,2024-07-31 21:21:30
1666,2732,3,2024-07-04 11:06:20
1339,2953,5,2023-12-06 02:39:02
1795,2699,4,2024-03-15 23:43:30
1899,2144,4,2023-10-13 04:58:21
1093,2975,1,2023-09-23 00:43:05
1961,2029,5,2023-12-21 07:11:32
1511,2030,2,2023-12-22 17:32:24
1475,2563,3,2023-09-03 02:25:59
1804,2234,3,2024-08-11 23:49:05
1292,2752,4,2023-08-26 04:46:27
1089,2212,5,2024-01-08 01:32:20
1318,2877,5,2023-09-19 19:06:46
1465,2087,1,2023-09-12 07:41:53
1240,2832,4,2024-05-16 02:16:04
1057,2113,3,2023-10-01 23:19:48
1768,2692,4,2024-06-19 02:28:49
1744,2276,1,2024-01-19 18:37:25
1054,2257,5,2023-09-16 17:32:52
1090,2738,2,2024-03-21 20:06:32
1663,2435,1,2023-12-17 19:29:39
1408,2269,5,2024-07-29 19:26:37
1954,2366,3,2024-01-08 16:18:04
1351,2299,2,2024-06-08 08:33:19
1159,2487,2,2023-12-12 15:17:51
1984,2737,3,2024-03-21 16:35:26
1621,2930,1,2023-12-15 12:58:18
1405,2096,3,2024-03-25 10:46:17
1570,2975,2,2023-12-10 00:16:36
1576,2670,1,2024-03-19 03:41:31
1633,2288,3,2023-11-14 13:40:10
1726,2162,1,2024-03-08 16:27:52
1914,2659,2,2023-09-06 10:15:33
1549,2082,4,2024-04-05 06:05:09
1004,2495,3,2024-08-09 13:15:01
1923,2051,5,2024-07-20 04:59:45
1134,2973,2,2023-11-15 19:21:06
1568,2217,4,2024-03-05 14:40:22
1864,2556,2,2024-03-02 10:09:16
1554,2651,1,2024-06-20 02:54:20
1779,2194,5,2024-06-24 04:01:12
1667,2246,2,2024-05-18 13:33:43
1730,2968,5,2024-06-22 01:52:15
1789,2277,1,2023-11-07 16:12:33
1358,2698,5,2024-07-28 23:13:17
1841,2220,4,2024-02-26 13:17:42
1954,2017,1,2024-07-20 01:25:55
1012,2598,3,2024-01-21 03:42:57
1692,2634,4,2024-03-10 21:35:54
1502,2070,4,2024-07-20 15:51:43
1201,2052,5,2024-03-08 06:17:01
1629,2259,2,2023-09-16 11:06:53
1264,2906,1,2024-06-03 01:18:01
1576,2554,3,2024-02-28 13:08:44
1125,2905,5,2024-03-26 14:23:19
1859,2745,4,2024-05-17 13:19:24
1002,2115,1,2024-07-19 03:15:56
1981,2001,4,2024-04-15 08:38:42
1331,2577,3,2024-01-16 01:22:26
1971,2637,2,2024-04-01 10:03:43
1143,2328,4,2023-10-07 20:14:44
1377,2815,2,2023-11-28 14:50:35
1808,2042,3,2024-04-19 14:49:21
1035,2494,1,2023-12-10 05:24:22
1553,2853,4,2024-02-08 11:15:21
1057,2806,3,2024-05-29 12:02:20
1608,2392,4,2024-02-24 20:06:12
1970,2831,4,2024-04-03 22:11:49
1176,2052,1,2024-05-03 15:40:05
1855,2005,5,2024-03-16 12:01:00
1632,2838,1,2024-04-09 08:31:04
1209,2217,5,2024-02-02 22:34:46
1401,2462,2,2024-05-27 04:25:21
1730,2211,2,2023-08-24 13:53:49
1252,2003,2,2024-05-10 19:38:44
1604,2002,4,2023-12-02 23:01:51
1497,2550,4,2023-12-27 09:12:28
1070,2201,4,2023-11-04 04:11:26
1252,2287,2,2024-07-28 00:51:28
1292,2154,4,2024-05-08 14:47:57
1133,2883,2,2023-08-27 13:29:50
1274,2783,1,2024-08-04 20:47:17
1509,2353,5,2024-04-19 14:47:23
1293,2360,4,2024-01-29 07:31:10
1015,2273,3,2023-10-10 02:25:01
1765,2045,2,2024-04-14 03:56:56
1412,2187,5,2023-12-28 15:17:51
1170,2721,5,2024-02-04 10:45:45
1594,2401,4,2023-09-18 17:40:50
1246,2903,1,2023-11-26 09:23:38
1869,2552,3,2024-06-07 20:19:33
1841,2723,3,2024-06-25 11:06:31
1457,2535,4,2024-06-15 01:01:54
1927,2017,2,2024-06-17 06:20:45
1598,2547,5,2024-07-08 02:26:55
1179,2616,5,2023-10-12 21:31:55
1474,2634,2,2024-07-23 05:25:51
1312,2736,1,2024-04-18 07:58:39
1371,2525,2,2023-12-07 11:16:02
1378,2888,5,2024-04-12 21:23:30
1203,2267,5,2024-05-17 03:57:25
1734,2104,4,2023-10-24 13:44:14
1995,2469,5,2024-06-19 08:31:49
1870,2770,5,2024-05-01 15:41:27
1886,2561,2,2024-08-11 20:20:23
1482,2331,4,2023-09-25 15:16:07
1587,2201,2,2023-09-09 19:34:10
1826,2111,5,2024-07-03 04:02:47
1864,2828,4,2024-06-05 04:45:52
1749,2544,1,2024-03-14 20:28:15
1644,2618,1,2023-12-07 06:28:12
1555,2880,3,2023-12-30 07:07:54
1265,2226,3,2024-06-01 23:13:25
1222,2370,5,2023-12-03 01:28:58
1788,2167,1,2024-03-06 07:40:46
1300,2381,3,2024-02-26 00:15:27
1407,2502,2,2023-09-07 01:24:58
1816,2743,2,2023-10-07 08:22:46
1101,2569,4,2024-06-20 18:34:26
1576,2062,3,2023-09-15 05:14:53
1369,2368,5,2023-08-26 13:15:59
1984,2853,2,2024-05-09 03:08:27
1435,2121,2,2024-08-08 13:28:39
1883,2764,4,2024-07-02 11:23:03
1410,2289,3,2024-08-16 05:50:42
1100,2324,1,2023-09-11 13:52:36
1648,2706,5,2024-03-26 11:27:53
1791,2838,3,2024-06-15 18:43:24
1996,2110,5,2023-10-17 17:34:16
1406,2777,2,2023-10-03 23:04:49
1699,2410,1,2024-07-01 12:08:40
1484,2108,5,2024-05-04 11:56:31
1425,2447,4,2024-05-06 20:41:38
1944,2066,5,2023-09-02 18:43:44
1640,2504,3,2024-08-08 18:32:53
1321,2719,4,2023-10-10 16:02:48
1447,2574,2,2024-02-07 02:07:06
1849,2839,2,2024-01-18 02:00:57
1941,2564,4,2024-06-14 16:16:01
1893,2458,1,2024-05-29 00:53:49
1642,2689,5,2024-08-15 12:54:33
1163,2977,4,2023-08-24 03:53:07
1664,2350,4,2024-03-13 00:15:24
1670,2468,2,2024-07-16 12:58:23
1327,2106,2,2024-07-25 15:11:28
1255,2358,4,2023-10-19 12:55:28
1113,2030,4,2024-02-08 15:03:06
1689,2991,2,2024-06-02 22:22:29
1046,2171,2,2024-05-13 15:29:30
1757,2353,3,2024-07-11 17:46:07
1226,2080,3,2024-01-29 15:18:53
1564,2161,5,2024-01-29 06:24:06
1596,2840,3,2024-05-08 08:07:54
1538,2225,5,2023-11-14 18:34:55
1666,2805,1,2024-07-06 08:03:18
1779,2949,1,2024-05-25 20:26:53
1645,2066,5,2023-12-21 18:23:06
1959,2210,2,2024-06-06 15:12:06
1665,2684,5,2023-09-05 23:54:19
1571,2696,2,2024-04-21 18:40:51
1180,2834,4,2024-03-28 16:44:53
1524,2459,4,2024-01-13 22:24:27
1939,2329,2,2023-12-27 21:04:19
1475,2518,2,2023-09-17 04:37:54
1543,2982,5,2024-03-21 14:10:53
1774,2289,5,2024-01-13 03:05:11
1533,2892,4,2023-10-19 02:47:32
1862,2661,4,2023-09-20 21:57:57
1567,2698,4,2023-10-22 22:58:57
1534,2509,4,2024-04-25 10:31:53
1060,2104,3,2024-07-18 16:39:36
1303,2671,3,2023-08-30 06:27:28
1744,2077,2,2024-03-30 11:02:11
1534,2184,1,2024-06-14 07:10:54
1550,2281,5,2024-01-15 03:55:14
1698,2474,2,2024-08-21 01:49:31
1267,2781,1,2023-09-15 19:23:40
1946,2357,1,2024-03-30 19:56:44
1807,2027,4,2024-05-26 12:36:49
1160,2937,1,2024-08-17 21:53:47
1948,2210,4,2023-11-23 17:34:20
1841,2302,3,2024-01-03 04:02:24
1865,2731,5,2023-12-13 22:40:18
1683,2257,4,2023-09-10 17:36:38
1057,2009,5,2024-02-18 08:02:04
1847,2114,1,2024-08-19 06:27:39
1685,2732,5,2023-09-14 15:04:33
1024,2493,3,2024-06-21 19:20:26
1970,2682,4,2024-04-16 03:06:38
1086,2767,5,2023-11-29 19:06:03
1372,2679,4,2024-06-12 05:33:01
1970,2202,2,2024-05-20 15:01:03
1089,2437,4,2024-06-24 10:32:03
1973,2399,4,2023-11-29 12:37:30
1188,2774,4,2024-02-07 17:38:45
1652,2531,3,2023-12-06 15:55:30
1230,2481,2,2023-12-07 14:18:04
1055,2271,4,2024-04-29 20:24:36
1069,2911,3,2024-08-09 14:14:57
1970,2529,2,2023-12-21 17:17:11
1628,2152,2,2024-03-03 17:42:07
1116,2542,3,2024-01-29 17:41:15
1563,2572,5,2023-12-05 11:00:28
1771,2360,5,2023-10-26 01:01:14
1028,2766,4,2024-03-18 20:15:09
1462,2231,3,2024-05-17 07:25:59
1968,2869,4,2023-12-25 23:43:37
1271,2851,4,2024-05-28 05:20:17
1519,2744,2,2023-09-22 14:55:24
1088,2390,2,2024-02-04 20:52:43
1755,2580,3,2024-01-22 22:13:34
1433,2374,3,2024-01-26 09:24:24
1187,2751,2,2024-05-09 22:45:12
1390,2218,4,2024-06-04 10:13:36
1819,2550,3,2024-05-10 17:19:31
1948,2349,4,2024-08-21 23:12:34
1522,2026,3,2023-12-20 15:07:35
1370,2014,4,2024-06-01 04:05:14
1187,2524,4,2024-06-04 00:21:47
1891,2279,5,2023-11-30 09:44:03
1328,2679,2,2024-06-14 08:41:02
1905,2984,1,2024-06-12 11:57:25
1529,2426,5,2024-07-11 23:45:01
1956,2323,5,2023-11-26 15:13:06
1313,2584,2,2023-10-28 03:37:38
1295,2656,2,2023-11-10 05:08:43
1223,2075,4,2024-04-13 13:23:47
1629,2686,5,2023-11-25 23:34:08
1173,2004,4,2024-08-03 14:04:00
1479,2660,3,2024-01-13 07:03:37
1626,2833,4,2024-04-27 19:56:37
1914,2167,4,2024-06-20 16:34:30
1993,2118,4,2024-05-13 00:29:08
1786,2175,3,2024-08-02 16:57:47
1935,2038,1,2024-04-28 11:35:55
1250,2013,5,2023-08-25 06:37:06
1621,2555,4,2024-05-18 14:44:39
1071,2956,4,2023-09-25 07:50:53
1571,2973,4,2024-04-12 14:24:34
1272,2902,3,2024-08-11 14:52:30
1112,2379,2,2024-06-29 12:28:28
1415,2740,5,2024-03-08 16:41:03
1169,2888,3,2024-03-25 00:21:04
1246,2266,1,2024-07-18 06:07:08
1243,2670,4,2023-12-08 17:24:49
1951,2327,2,2024-08-16 02:01:30
1595,2847,4,2023-10-15 09:33:03
1342,2765,2,2024-03-15 22:40:41
1249,2760,4,2023-10-14 20:04:27
1798,2532,5,2024-08-15 07:59:27
1042,2345,5,2024-02-26 14:35:23
1306,2809,1,2024-05-27 04:24:25
1731,2441,2,2024-01-13 17:53:30
1933,2903,5,2023-11-03 07:32:03
1719,2051,2,2024-06-02 08:57:35
1392,2696,1,2024-02-14 16:02:15
1523,2766,4,2023-11-04 02:40:30
1662,2354,3,2024-05-03 15:13:16
1973,2395,4,2023-11-30 04:32:58
1096,2106,3,2024-07-05 08:27:20
1655,2678,1,2023-11-22 09:55:47
1558,2242,3,2024-07-11 01:41:43
1488,2790,3,2024-08-22 02:51:56
1654,2898,5,2024-04-28 13:48:14
1416,2294,1,2024-07-24 02:10:54
1302,2170,1,2024-01-22 03:43:41
1231,2409,2,2023-11-08 17:36:29
1651,2622,5,2024-06-19 02:37:52
1297,2455,1,2023-11-21 18:20:31
1942,2635,2,2024-04-25 05:17:09
1981,2454,1,2024-02-08 04:59:47
1449,2226,3,2023-11-18 10:49:08
1206,2676,3,2024-07-12 04:31:22
1457,2695,1,2024-06-10 17:50:37
1949,2107,4,2023-08-24 11:19:55
1701,2036,5,2024-08-03 03:51:59
1155,2169,4,2023-09-20 15:06:43
1272,2547,4,2023-12-28 19:17:42
1184,2611,5,2024-02-13 22:06:31
1915,2509,1,2024-06-05 09:16:09
1981,2122,1,2024-06-19 00:36:41
1535,2375,3,2023-12-25 18:59:37
1995,2592,2,2024-03-23 13:02:47
1827,2153,1,2024-06-01 12:47:38
1551,2845,4,2024-04-12 03:27:18
1459,2202,1,2023-09-21 19:30:20
1465,2953,4,2023-09-26 06:57:44
1804,2355,2,2024-08-22 03:37:30
1124,2080,5,2023-12-07 10:07:41
1988,2233,2,2023-12-31 03:32:14
1907,2692,1,2023-12-12 21:44:08
1031,2597,5,2024-02-23 16:48:25
1503,2371,3,2024-01-29 05:46:19
1332,2243,1,2024-08-04 04:25:12
1473,2376,1,2024-08-17 03:21:15
1550,2868,4,2024-03-30 04:21:59
1467,2428,1,2024-08-11 07:44:12
1322,2977,2,2024-05-11 09:38:38
1227,2829,4,2024-05-26 13:27:45
1804,2054,1,2023-09-20 07:26:41
1961,2978,4,2024-02-15 07:04:13
1439,2310,3,2024-07-31 18:58:15
1089,2320,4,2023-12-14 00:54:41
1501,2662,2,2024-05-17 15:06:50
1921,2337,3,2024-07-23 03:11:52
1185,2438,4,2024-07-07 02:02:41
1180,2076,5,2023-09-15 19:01:53
1893,2272,1,2024-06-17 14:25:37
1055,2701,5,2024-08-02 21:53:29
1296,2219,5,2023-12-31 16:26:19
1578,2648,2,2024-04-25 07:47:39
1711,2266,1,2024-02-25 07:03:15
1900,2043,1,2023-09-22 06:54:45
1228,2227,3,2023-09-19 23:19:45
1963,2762,2,2024-06-28 18:50:45
1762,2307,3,2023-11-16 19:11:15
1920,2992,2,2024-01-07 21:31:58
1827,2642,2,2024-01-14 22:27:53
1394,2151,4,2024-03-08 08:50:35
1384,2747,1,2024-02-12 15:49:58
1594,2014,1,2024-02-06 17:58:35
1207,2204,3,2023-10-16 03:10:54
1784,2544,2,2023-10-16 08:54:35
1610,2144,2,2023-11-19 14:01:45
1104,2382,1,2024-08-15 21:03:35
1324,2171,4,2023-09-24 03:39:22
1583,2274,4,2023-09-30 23:02:13
1881,2125,5,2023-12-10 08:30:02
1843,2107,4,2023-11-19 14:38:47
1907,2463,1,2023-10-01 23:02:11
1738,2754,4,2024-05-13 20:46:01
1362,2796,3,2024-03-20 01:06:12
1520,2859,1,2024-06-03 16:46:34
1152,2322,1,2023-10-19 09:12:29
1893,2270,1,2024-04-27 08:30:40
1996,2100,1,2024-03-24 07:46:57
1131,2389,1,2023-11-11 14:59:40
1438,2019,1,2023-12-29 15:50:01
1618,2566,4,2024-06-25 13:38:30
1394,2226,5,2023-11-01 09:54:14
1015,2560,3,2024-02-02 00:55:22
1546,2932,3,2024-03-09 23:48:40
1457,2722,3,2024-03-30 20:36:21
1999,2196,3,2024-06-23 12:03:24
1417,2352,3,2024-05-05 07:50:36
1662,2036,2,2024-02-01 12:19:29
1663,2063,2,2024-01-30 19:28:53
1509,2188,5,2024-08-18 20:28:44
1005,2438,1,2024-05-11 16:51:18
1508,2098,4,2023-09-29 17:54:54
1662,2393,4,2024-08-11 22:37:28
1596,2285,4,2024-02-12 21:29:21
1733,2109,3,2023-11-10 17:51:20
1758,2055,1,2024-01-05 17:32:43
1133,2052,5,2024-01-04 09:32:07
1765,2781,2,2023-10-03 05:03:52
1399,2591,2,2023-12-04 04:30:42
1818,2770,3,2023-09-05 01:58:55
1909,2964,1,2024-07-21 11:37:21
1203,2946,2,2024-03-20 03:32:08
1780,2013,1,2024-03-20 08:35:58
1315,2685,3,2023-12-31 13:14:01
1243,2507,3,2023-10-03 06:10:18
1330,2791,5,2024-03-18 04:02:23
1791,2744,5,2024-03-25 17:39:00
1162,2656,5,2023-10-10 16:14:35
1435,2233,5,2024-08-18 14:20:23
1273,2598,1,2024-04-27 09:38:51
1560,2466,4,2024-07-05 07:31:15
1077,2690,2,2024-06-05 14:06:58
1769,2117,2,2024-04-24 13:05:15
1019,2994,3,2023-11-20 17:48:15
1196,2619,3,2024-04-18 09:28:50
1425,2394,4,2024-05-04 20:06:03
1034,2295,3,2024-05-24 17:07:21
1638,2339,2,2023-10-03 00:20:30
1440,2180,4,2024-01-20 16:14:51
1633,2619,3,2023-12-22 19:40:36
1023,2657,2,2024-06-18 01:12:59
1619,2146,4,2024-03-29 07:39:19
1302,2070,5,2024-04-15 08:03:06
1649,2886,3,2024-01-04 03:01:09
1081,2828,4,2023-12-27 14:20:29
1063,2612,4,2024-03-20 10:56:39
1048,2445,2,2023-12-08 08:41:09
1826,2704,5,2024-03-16 03:35:03
1487,2266,4,2024-07-14 20:51:21
1914,2937,2,2024-05-17 22:14:26
1209,2587,1,2023-10-03 22:11:52
1849,2868,4,2024-07-22 20:11:23
1558,2316,1,2024-06-19 19:36:28
1941,2444,4,2024-07-02 11:44:02
1752,2865,3,2024-06-01 16:12:34
1947,2648,2,2024-04-10 01:15:29
1198,2699,4,2023-09-21 17:08:55
1445,2570,5,2024-08-08 10:04:45
1741,2908,1,2024-02-09 08:25:30
1617,2305,3,2023-10-19 14:34:39
1529,2054,4,2023-11-30 14:22:27
1928,2419,1,2023-12-13 11:33:54
1438,2656,5,2024-07-25 19:09:28
1524,2252,2,2023-10-09 05:52:09
1904,2405,4,2023-10-10 16:52:51
1848,2266,4,2023-12-26 21:02:27
1655,2644,2,2023-09-08 00:48:53
1511,2207,4,2024-05-24 18:31:25
1992,2574,3,2024-07-10 16:26:29
1511,2998,4,2024-04-08 14:01:00
1553,2201,3,2023-12-06 11:29:47
1823,2284,5,2023-10-17 23:25:18
1047,2137,2,2023-11-17 23:28:04
1195,2629,4,2024-01-01 08:05:47
1432,2069,2,2024-05-16 16:19:21
1540,2335,5,2024-04-20 02:17:36
1016,2990,1,2024-03-25 11:33:58
1158,2337,3,2024-08-05 13:32:12
1961,2241,2,2023-09-07 03:53:36
1984,2816,1,2024-01-28 22:20:35
1345,2642,1,2024-01-19 02:41:38
1014,2359,1,2023-11-02 03:53:33
1243,2993,1,2024-04-26 09:52:56
1891,2415,2,2024-05-03 09:53:29
1838,2615,1,2023-09-07 08:32:55
1358,2933,2,2024-07-25 08:58:44
1018,2728,1,2024-05-25 11:17:01
1568,2347,2,2023-12-05 10:40:10
1155,2567,5,2024-05-15 15:08:34
1531,2487,4,2024-03-21 22:10:40
1047,2207,3,2023-12-14 02:26:14
1450,2483,3,2024-08-15 20:07:00
1852,2924,1,2023-12-22 10:30:19
1570,2143,1,2024-06-30 20:36:39
1047,2191,4,2024-06-14 16:51:48
1615,2231,3,2024-02-12 16:34:57
1340,2925,3,2024-01-29 01:27:50
1049,2899,5,2024-06-27 01:27:59
1316,2322,2,2024-07-23 16:18:57
1282,2839,4,2023-12-31 17:42:53
1074,2453,4,2024-01-25 06:12:20
1096,2938,1,2024-04-26 08:06:52
1212,2660,3,2023-11-24 23:05:12
1392,2354,1,2023-12-27 00:31:06
1599,2550,5,2023-10-25 16:30:16
1540,2589,5,2024-01-03 22:56:45
1509,2712,3,2024-03-18 17:20:37
1431,2685,2,2023-10-14 08:21:36
1562,2857,1,2024-05-27 06:47:14
1406,2301,5,2023-12-31 18:07:11
1739,2127,5,2023-10-03 05:39:32
1021,2711,5,2023-11-14 12:18:48
1844,2420,3,2024-08-14 22:14:26
1480,2443,2,2024-06-11 07:40:54
1075,2878,2,2024-04-21 23:38:22
1640,2359,5,2024-03-28 00:47:16
1400,2139,3,2024-01-12 23:56:01
1112,2715,2,2024-07-21 10:57:55
1599,2631,2,2023-12-26 12:47:08
1240,2337,2,2024-07-18 20:59:40
1594,2236,3,2024-05-18 09:24:47
1794,2003,3,2023-11-10 13:26:43
1116,2472,3,2024-07-08 23:59:52
1934,2898,3,2023-09-11 15:03:40
1401,2201,4,2024-03-27 02:19:21
1342,2991,2,2024-08-02 18:21:03
1216,2636,1,2024-03-24 07:52:36
1366,2890,3,2024-01-19 22:39:50
1642,2469,2,2024-07-29 09:41:43
1027,2677,4,2024-05-09 22:01:41
1014,2098,4,2023-10-20 03:43:00
1490,2985,1,2024-07-02 13:01:42
1883,2759,1,2024-01-03 15:56:29
1573,2597,2,2024-05-13 09:14:48
1583,2740,5,2024-02-27 17:45:29
1306,3000,4,2023-11-13 15:45:36
1463,2783,1,2023-12-26 00:45:14
1802,2236,3,2023-10-31 06:33:22
1039,2998,3,2024-02-01 05:16:21
1645,2030,4,2024-07-31 22:32:24
1767,2143,3,2023-12-05 16:37:09
1074,2055,2,2024-02-11 16:01:46
1748,2572,4,2024-05-02 23:22:54
1022,2428,3,2023-10-09 05:24:33
1947,2981,3,2024-05-11 05:56:14
1512,2070,2,2023-11-07 09:39:31
1088,2877,3,2024-01-16 22:50:29
1764,2219,1,2023-09-08 00:24:03
1589,2767,3,2024-07-22 06:22:57
1651,2078,2,2024-04-09 03:06:57
1468,2336,4,2024-05-10 03:47:09
1186,2546,1,2024-01-29 08:29:12
1592,2718,5,2024-07-27 13:34:40
1668,2274,2,2023-10-02 19:11:10
1358,2647,5,2024-08-21 06:28:41
1098,2241,5,2023-09-23 19:39:43
1711,2993,3,2023-09-19 05:08:01
1948,2114,5,2024-05-26 16:25:25
1241,2156,4,2024-05-16 10:01:28
1592,2312,2,2023-10-23 18:12:05
1663,2944,4,2023-08-26 09:24:47
1754,2143,3,2024-03-01 23:15:06
1562,2262,1,2023-10-28 23:24:23
1062,2567,4,2023-11-09 13:52:39
1884,2996,2,2023-11-17 01:09:57
1949,2802,1,2024-04-23 02:56:38
1266,2308,3,2023-11-27 05:59:39
1185,2334,3,2024-05-27 06:59:12
1441,2673,4,2024-02-22 08:35:33
1935,2560,2,2024-03-22 12:54:53
1335,2400,4,2024-02-13 09:33:13
1004,2888,4,2024-04-14 14:02:13
1923,2470,1,2024-08-01 15:35:10
1493,2738,4,2024-06-19 19:08:14
1070,2694,1,2024-04-22 16:30:26
1776,2370,5,2023-09-12 16:23:02
1181,2996,5,2024-06-15 13:23:43
1197,2047,2,2023-12-01 12:52:31
1552,2634,4,2023-09-06 11:00:05
1862,2665,4,2024-01-25 14:16:14
1427,2589,1,2023-09-01 02:55:14
1854,2310,2,2023-12-05 07:50:05
1539,2840,3,2024-01-18 23:15:19
1733,2634,1,2023-09-10 09:38:13
1069,2583,3,2023-11-30 11:42:10
1431,2885,4,2024-07-04 19:48:39
1032,2979,5,2023-12-25 06:28:05
1865,2513,1,2024-05-28 02:05:42
1248,2620,2,2024-08-14 05:16:56
1297,2776,4,2024-07-08 17:46:36
1873,2948,1,2024-05-13 11:39:37
1482,2317,1,2024-04-23 17:45:19
1397,2089,2,2024-04-01 19:33:56
1168,2743,5,2024-08-07 21:31:22
1120,2428,1,2024-06-17 11:45:37
1190,2633,4,2024-07-02 20:43:20
1560,2202,3,2024-06-09 12:52:29
1697,2223,4,2023-12-14 13:52:00
1011,2793,5,2024-02-26 22:03:50
1512,2814,4,2024-05-10 09:21:17
1749,2034,3,2024-08-10 18:16:33
1340,2647,1,2023-12-05 11:17:48
1574,2825,3,2024-04-13 23:20:58
1093,2628,4,2024-01-11 23:23:18
1133,2844,5,2024-08-19 00:01:56
1419,2468,5,2023-10-14 12:10:37
1444,2705,1,2024-08-03 21:53:41
1298,2061,2,2023-12-19 05:58:00
1973,2304,4,2024-03-27 15:22:31
1861,2448,1,2024-07-22 00:55:21
1836,2302,1,2023-11-06 18:06:33
1540,2485,5,2023-10-14 04:11:36
1633,2515,5,2024-08-16 14:09:51
1944,2659,4,2024-06-30 22:24:51
1851,2785,2,2024-02-10 03:39:34
1466,2889,2,2024-02-06 06:55:27
1329,2285,3,2024-06-17 00:23:16
1554,2797,2,2023-10-13 17:51:20
1636,2657,1,2024-06-01 10:10:46
1632,2109,4,2023-11-24 09:54:44
1368,2820,4,2023-12-27 10:48:19
1862,2739,3,2024-04-07 12:45:40
1212,2400,2,2023-09-20 19:28:25
1526,2730,4,2023-12-21 19:33:23
1170,2819,3,2024-07-13 09:20:28
1210,2256,3,2024-01-01 04:37:26
1073,2147,4,2023-11-01 19:02:26
1317,2618,2,2024-01-26 05:09:25
1255,2351,3,2024-08-11 09:45:43
1835,2312,5,2023-12-06 17:37:58
1669,2134,4,2023-11-11 07:03:27
1129,2436,2,2024-06-17 15:01:17
1883,2252,3,2024-06-25 22:51:51
1523,2804,4,2024-06-15 10:31:01
1319,2080,5,2023-10-24 03:14:54
1344,2030,1,2023-12-19 19:55:35
1368,2741,1,2023-12-26 00:01:19
1596,2502,1,2024-01-31 06:12:20
1701,2021,5,2024-07-16 02:10:56
1246,2283,3,2024-05-10 20:46:46
1806,2232,4,2023-11-18 01:38:19
1838,2800,4,2023-08-24 08:43:23
1976,2411,5,2023-12-15 00:27:41
1387,2689,5,2024-08-17 21:22:48
1358,2614,3,2024-08-18 05:25:10
1287,2276,3,2023-09-22 16:19:32
1898,2552,3,2024-07-25 12:26:22
1072,2365,3,2024-05-25 18:31:27
1335,2652,1,2024-02-20 16:33:39
1218,2741,4,2023-10-22 20:00:06
1650,2147,2,2024-03-16 19:51:29
1670,2414,1,2024-07-20 10:54:42
1856,2330,2,2024-06-17 17:15:41
1870,2352,3,2023-09-03 19:24:46
1819,2101,3,2024-03-22 21:05:13
1010,2353,3,2023-10-27 04:49:30
1183,2455,5,2024-06-26 18:55:48
1944,2333,2,2024-01-23 17:25:54
1211,2051,5,2024-01-11 18:54:44
1659,2377,2,2024-02-25 03:00:17
1051,2154,4,2023-10-23 10:23:55
1791,2310,4,2024-02-12 09:07:50
1163,2971,1,2024-08-07 17:24:20
1502,2946,1,2024-04-15 23:45:36
1115,2499,5,2023-11-19 20:21:55
1241,2123,4,2024-02-15 02:14:53
1839,2069,2,2024-08-18 19:09:13
1063,2733,2,2024-01-24 19:56:18
1948,2258,1,2023-10-26 14:23:22
1479,2114,2,2024-02-09 20:00:10
1973,2380,2,2024-01-02 07:19:30
1977,2237,4,2024-05-04 23:33:01
1972,2931,1,2023-08-25 00:29:16
1510,2165,5,2023-12-09 01:15:18
1257,2132,2,2024-05-06 09:21:40
1257,2141,1,2024-03-25 23:13:15
1716,2519,3,2024-03-01 18:42:46
1503,2259,2,2024-01-09 14:50:57
1922,2543,4,2023-09-20 22:34:54
1318,2666,3,2024-06-25 20:30:24
1364,2055,4,2024-03-01 19:59:37
1044,2593,2,2024-07-22 20:25:20
1648,2014,5,2023-11-16 17:34:27
1483,2618,3,2023-09-18 03:37:14
1959,2591,2,2024-01-29 00:40:29
1997,2363,5,2024-07-17 15:20:04
1107,2017,1,2023-10-07 21:41:04
1784,2499,5,2024-08-02 08:46:50
1759,2726,4,2024-06-26 21:48:27
1043,2946,2,2024-06-23 18:09:04
1842,2593,5,2023-10-25 06:30:54
1030,2441,2,2023-12-23 21:49:15
1611,2962,3,2023-10-28 22:17:12
1295,2549,4,2024-01-11 09:12:35
1899,2089,2,2024-01-08 20:49:22
1503,2767,2,2023-12-24 15:05:33
1214,2422,2,2024-03-24 12:57:20
1224,2555,5,2023-11-07 13:43:46
1387,2681,2,2024-07-26 05:23:58
1608,2203,2,2023-11-10 06:45:10
1447,2833,4,2024-07-29 00:02:06
1068,2092,2,2023-10-03 21:06:49
1843,2178,5,2024-07-09 10:05:42
1559,2003,1,2024-04-21 01:36:48
1534,2116,3,2024-04-28 23:50:20
1912,2464,3,2024-02-09 13:37:01
1308,2367,1,2024-05-01 01:21:11
1810,2642,3,2024-05-04 22:45:47
1508,2527,5,2023-12-02 00:05:58
1953,2298,1,2024-03-24 02:20:44
1361,2646,1,2024-08-06 04:56:32
1588,2030,4,2023-10-05 10:02:34
1126,2596,3,2024-07-08 04:23:28
1852,2443,2,2023-10-25 10:20:05
1910,2394,2,2024-04-11 10:57:12
1146,2530,4,2024-07-06 15:05:51
1965,2948,5,2023-10-22 22:08:00
1340,2919,2,2024-05-21 11:17:32
1209,2958,5,2024-01-01 13:32:13
1625,2690,5,2023-10-14 12:08:20
1721,2636,2,2024-05-17 20:26:57
1428,2476,2,2024-07-16 10:20:38
1557,2094,3,2024-05-01 12:17:10
1419,2278,2,2024-06-14 01:44:54
1459,2038,1,2023-10-30 17:41:41
1198,2704,5,2023-12-01 05:56:09
1007,2556,4,2024-02-27 14:00:46
1519,2194,4,2023-12-14 10:00:03
1001,2062,1,2024-04-23 06:48:50
1018,2620,3,2023-12-13 18:55:23
1822,2579,5,2023-12-11 14:35:53
1650,2701,3,2023-11-13 10:57:50
1699,2235,5,2024-04-28 01:50:48
1447,2610,1,2024-02-22 11:21:49
1056,2993,3,2023-10-24 02:17:03
1114,2088,2,2023-09-08 12:16:52
1108,2500,5,2024-01-01 00:10:19
1656,2056,4,2024-01-07 16:08:53
1863,2006,5,2024-07-25 13:27:48
1385,2307,2,2023-08-29 00:55:11
1857,2639,1,2023-12-16 23:47:15
1405,2611,5,2024-02-16 01:30:50
1831,2753,2,2024-03-08 16:25:19
1780,2837,1,2023-11-01 02:30:47
1812,2564,1,2024-01-28 16:34:02
1227,2193,2,2024-06-28 17:29:14
1302,2359,4,2024-05-30 18:09:02
1954,2805,4,2023-11-27 08:42:27
1752,2099,1,2024-01-22 15:50:30
1013,2390,2,2024-08-20 19:28:29
1357,2640,3,2024-04-26 11:27:43
1081,2261,2,2024-05-12 23:46:52
1373,2481,5,2024-02-29 08:32:46
1810,2081,3,2024-04-14 06:42:22
1515,2060,5,2024-05-05 14:02:45
1962,2349,1,2024-07-10 13:19:15
1228,2290,5,2024-08-12 07:37:12
1810,2193,4,2024-07-11 11:47:52
1474,2257,3,2024-05-29 08:59:28
1506,2388,2,2023-11-29 16:09:17
1290,2769,5,2024-03-30 11:38:57
1278,2464,5,2024-06-13 08:10:40
1918,2178,4,2023-10-15 14:13:36
1988,2375,1,2024-03-03 02:51:24
1042,2194,5,2024-07-16 08:08:19
1465,2163,4,2024-01-29 01:53:12
1364,2642,1,2024-04-13 08:42:55
1979,2460,1,2023-12-21 10:13:15
1539,2974,2,2024-04-05 09:58:06
1085,2708,4,2024-04-21 12:31:07
1243,2469,1,2024-03-23 11:53:27
1130,2657,3,2024-03-10 08:06:25
1360,2088,4,2024-01-17 16:05:54
1742,2972,1,2023-12-24 12:04:33
1638,2471,2,2024-03-05 14:11:49
1507,2354,3,2024-08-06 02:51:13
1600,2682,1,2024-07-04 05:27:23
1701,2190,3,2024-08-02 23:30:33
1601,2348,4,2023-09-21 17:07:27
1538,2176,4,2023-11-12 08:56:42
1776,2901,3,2024-08-14 19:05:32
1554,2483,3,2024-08-10 09:31:10
1119,2169,4,2023-12-10 18:36:17
1998,2147,5,2023-10-10 00:00:00
1439,2888,5,2024-07-04 14:53:13
1160,2814,4,2024-01-31 19:01:40
1932,2402,2,2024-05-22 23:39:57
1864,2018,4,2023-12-08 12:50:00
1115,2328,1,2024-02-29 18:03:57
1558,2439,2,2023-11-29 03:27:23
1521,2253,4,2023-12-19 15:25:10
1901,2098,3,2023-09-14 05:35:02
1071,2551,2,2024-02-01 15:33:46
1913,2447,2,2024-04-05 12:29:09
1430,2219,3,2023-10-03 21:23:37
1476,2916,3,2024-01-31 09:23:25
1544,2126,3,2023-10-11 08:40:26
1280,2024,1,2024-07-25 09:57:04
1120,2786,4,2024-03-09 06:48:48
1297,2855,2,2023-11-06 14:39:54
1448,2912,4,2023-12-19 12:12:10
1919,2470,1,2023-10-07 01:09:46
1024,2061,5,2023-12-25 21:19:18
1084,2225,2,2024-04-12 05:48:44
1375,2072,2,2023-09-11 05:38:24
1897,2341,1,2023-08-25 03:41:42
1096,2565,5,2023-12-27 09:03:27
1686,2110,2,2023-09-25 01:32:03
1828,2051,1,2024-02-23 15:11:05
1765,2073,4,2024-06-11 18:06:18
1432,2724,3,2024-03-03 09:10:07
1168,2775,3,2024-05-21 01:32:20
1981,2742,3,2023-11-12 16:49:22
1494,2143,5,2024-07-22 14:45:20
1824,2394,5,2023-12-14 11:29:33
1715,2697,3,2024-03-31 21:39:18
1328,2604,3,2023-12-28 16:58:40
1834,2437,4,2024-03-31 16:05:44
1349,2693,3,2023-11-15 05:17:53
1449,2399,4,2024-08-10 05:42:29
1214,2546,2,2023-11-17 05:15:30
1289,2841,3,2024-08-06 04:45:46
1258,2388,1,2024-06-10 11:38:47
1265,2313,4,2024-07-02 07:06:32
1210,2272,4,2024-04-09 05:49:40
1510,2676,3,2024-05-19 01:15:53
1015,2614,1,2024-08-19 22:35:14
1722,2535,3,2024-02-24 04:26:20
1131,2670,5,2024-01-13 12:14:29
1017,2882,2,2024-02-06 10:24:28
1826,2992,1,2023-10-20 07:54:44
1391,2423,2,2024-07-16 03:04:57
1696,2655,4,2024-05-08 22:34:20
1012,2520,1,2024-05-28 08:26:32
1674,2302,5,2024-06-11 10:09:26
1272,2133,5,2023-09-30 23:38:03
1756,2542,5,2024-05-08 13:44:39
1690,2773,3,2023-11-25 10:58:03
1141,2483,1,2024-03-19 18:45:54
1345,2562,4,2024-02-05 02:18:07
1558,2474,2,2023-12-23 11:16:36
1638,2084,2,2023-11-21 08:41:38
1071,2175,4,2024-08-14 18:19:36
1842,2463,1,2024-08-11 14:16:16
1395,2866,3,2023-10-15 01:48:17
1469,2863,2,2024-01-12 14:22:48
1249,2644,1,2023-08-31 20:42:26
1955,2572,1,2023-10-06 07:09:11
1849,2241,4,2023-08-26 03:14:21
1793,2744,1,2024-05-24 03:13:51
1275,2825,1,2024-07-24 15:25:54
1965,2208,4,2023-09-02 07:51:23
1365,2240,3,2023-10-08 03:00:36
1160,2397,2,2024-05-10 09:36:53
1500,2209,5,2023-08-24 19:27:58
1381,2433,1,2023-10-06 09:20:33
1731,2389,5,2024-06-09 14:52:35
1583,2432,2,2023-08-29 01:30:05
1351,2134,2,2024-07-04 04:08:28
1639,2205,2,2024-02-19 20:33:10
1117,2948,3,2024-07-05 14:42:44
1794,2149,2,2024-05-07 23:42:45
1680,2824,3,2024-07-12 05:26:12
1148,2465,1,2023-09-08 16:07:06
1005,2526,3,2023-09-24 08:27:49
1836,2436,4,2023-10-15 06:31:46
1969,2515,1,2024-01-07 05:25:06
1978,2612,3,2023-11-24 21:50:54
1280,2132,1,2024-04-22 17:02:12
1481,2513,4,2023-10-20 13:09:13
1419,2202,4,2024-06-04 19:50:18
1658,2462,2,2024-02-06 19:07:32
1202,2914,1,2024-03-19 02:32:27
1222,2079,2,2023-10-12 15:36:28
1099,2978,1,2024-01-09 11:18:52
1912,2213,5,2023-11-16 06:03:17
1813,2374,4,2023-12-25 19:01:34
1967,2624,3,2024-03-10 14:48:12
1985,2470,5,2024-04-15 09:12:12
1785,2745,4,2024-06-07 00:45:29
1397,2986,1,2024-05-05 19:54:39
1261,2743,1,2024-03-06 07:26:47
1388,2476,2,2024-08-10 23:34:26
1580,2016,5,2024-02-02 01:06:48
1662,2804,2,2024-06-10 05:05:10
1951,2931,1,2023-12-21 08:16:31
1072,2593,5,2024-02-24 18:05:27
1018,2754,2,2024-03-16 17:56:47
1332,2889,1,2024-06-10 20:57:56
1097,2727,4,2024-05-18 00:56:53
1011,2909,3,2024-06-21 23:31:23
1283,2729,3,2023-11-10 06:06:00
1241,2857,5,2023-12-05 08:44:58
1970,2593,3,2024-07-22 13:03:30
1918,2614,3,2024-08-17 19:04:22
1042,2788,2,2024-01-25 13:24:56
1384,2589,2,2024-06-21 19:47:57
1966,2714,5,2024-07-26 06:18:16
1733,2774,3,2023-11-20 16:05:07
1624,2409,4,2024-04-04 06:05:57
1094,2823,4,2024-06-07 08:17:14
1058,2293,5,2024-02-18 21:27:03
1838,2605,1,2024-08-17 22:58:05
1165,2437,2,2024-05-17 01:39:34
1403,2940,2,2024-07-18 08:44:00
1954,2138,4,2024-05-03 19:38:29
1814,2722,3,2023-11-10 21:42:14
1806,2293,3,2023-09-08 09:58:13
1880,2462,5,2024-05-05 14:31:10
1373,2162,2,2024-01-03 04:47:02
1044,2865,3,2024-07-05 06:23:55
1892,2636,3,2024-08-13 06:36:25
1816,2862,3,2024-02-25 09:38:45
1341,2711,1,2023-11-27 23:23:29
1640,2230,2,2023-10-09 01:59:27
1801,2673,2,2024-05-18 06:28:48
1281,2910,4,2024-01-11 17:49:37
1876,2702,2,2023-09-11 23:37:03
1266,2803,3,2024-04-11 09:37:26
1360,2791,1,2024-05-31 09:09:25
1321,2850,1,2023-11-09 03:31:23
1992,2693,4,2024-04-09 02:27:19
1785,2953,3,2024-08-07 00:34:40
1717,2985,4,2023-10-21 13:04:23
1896,2153,2,2023-08-28 11:56:09
1429,2753,5,2024-04-07 11:07:22
1321,2436,4,2024-02-27 12:26:23
1149,2542,3,2023-12-18 23:30:23
1899,2482,3,2023-10-18 19:05:14
1029,2259,2,2024-02-02 00:10:57
1929,2075,5,2024-07-28 12:22:47
1581,2498,2,2024-03-03 03:23:00
1751,2340,4,2023-12-22 18:20:18
1704,2884,1,2024-05-22 08:13:36
1253,2936,4,2024-01-18 01:41:19
1397,2986,1,2024-01-21 06:23:28
1714,2029,4,2024-06-21 05:55:56
1502,2154,3,2024-03-03 18:58:25
1177,2693,4,2024-01-28 15:08:02
1186,2761,4,2024-02-08 03:41:00
1266,2902,5,2024-08-16 11:35:33
1031,2859,3,2023-09-13 01:38:13
1104,2431,5,2024-05-01 07:20:15
1513,2941,2,2024-01-11 06:23:12
1207,2647,1,2023-09-20 05:51:39
1195,2414,2,2024-03-16 10:34:21
1462,2116,4,2024-02-18 11:52:54
1036,2067,5,2024-01-13 11:12:05
1281,2479,3,2024-01-01 15:52:57
1968,2730,2,2024-07-14 10:59:56
1668,2240,1,2024-04-02 03:48:38
1060,2650,2,2024-05-12 05:06:54
1679,2165,5,2023-09-24 20:56:40
1487,2981,4,2023-09-13 06:51:33
1806,2888,1,2024-07-03 04:27:46
1509,2075,5,2024-02-18 17:49:36
1428,2385,5,2024-04-05 21:06:26
1175,2673,3,2024-07-01 16:27:00
1474,2911,1,2023-08-25 02:02:30
1270,2407,4,2023-10-29 18:10:40
1694,2376,4,2024-02-04 13:19:47
1212,2896,4,2024-02-29 19:00:46
1134,2865,4,2023-09-24 11:19:02
1690,2678,3,2024-06-04 07:00:50
1849,2841,4,2024-04-15 09:41:22
1438,2839,4,2024-02-19 02:53:05
1401,2488,4,2024-03-24 01:52:46
1432,2428,4,2024-07-13 10:16:13
1828,2572,5,2024-05-23 02:35:09
1965,2462,5,2023-09-24 15:03:41
1145,2827,1,2024-08-11 10:33:48
1735,2406,5,2024-02-22 13:21:15
1969,2955,4,2023-10-15 19:24:43
1482,2237,5,2024-08-15 02:56:41
1339,2268,4,2024-07-17 07:24:04
1266,2528,4,2024-01-07 06:16:22
1248,2019,4,2023-11-10 20:25:49
1926,2615,3,2023-10-14 04:27:54
1941,2725,5,2024-02-20 18:19:10
1393,2573,3,2023-11-22 15:39:23
1874,2303,4,2024-02-09 06:47:59
1917,2401,1,2023-09-17 18:15:13
1931,2818,5,2023-12-21 08:05:06
1013,2025,3,2024-04-12 13:52:32
1129,2817,2,2023-12-31 21:05:33
1547,2595,5,2024-06-25 10:41:35
1436,2182,4,2024-06-30 02:00:12
1616,2744,3,2023-09-19 03:27:00
1404,2929,5,2023-11-15 01:46:56
1656,2766,5,2023-12-12 05:49:39
1292,2214,3,2024-02-21 14:49:20
1025,2323,4,2024-05-16 11:39:58
1109,2693,3,2023-12-06 18:10:49
1482,2715,2,2024-02-23 14:44:10
1175,2347,2,2024-01-04 19:42:27
1002,2646,2,2023-12-23 12:59:40
1362,2721,2,2023-09-22 22:25:53
1590,2202,5,2023-09-22 11:04:14
1289,2062,4,2024-02-06 20:20:19
1126,2992,1,2023-09-07 12:06:12
1600,2846,5,2024-01-05 08:11:45
1179,2581,5,2024-04-21 02:25:07
1433,2993,4,2024-06-11 14:39:33
1302,2964,1,2023-11-14 11:48:50
1990,2169,1,2024-06-18 15:23:53
1963,2269,4,2024-06-13 05:14:36
1624,2100,2,2024-02-04 02:18:04
1215,2995,1,2024-07-29 13:02:07
1097,2819,4,2023-10-03 22:26:47
1337,2359,2,2024-04-01 05:58:34
1396,2901,3,2024-07-12 19:44:30
1124,2552,5,2024-08-16 09:07:57
1538,2654,3,2024-04-26 11:12:32
1422,2336,1,2024-04-02 07:24:23
1662,2879,5,2024-05-02 17:29:59
1076,2466,5,2024-03-29 22:27:24
1722,2386,2,2023-12-10 00:15:03
1259,2477,3,2024-04-06 10:17:22
1972,2672,4,2024-05-06 18:14:28
1393,2600,1,2024-07-04 00:49:33
1184,2016,1,2024-08-08 18:39:37
1756,2506,2,2024-04-04 09:35:30
1477,2164,1,2024-03-27 01:38:58
1238,2022,4,2024-07-21 12:20:00
1818,2559,2,2024-05-26 09:00:46
1499,2475,5,2023-08-29 14:11:32
1716,2339,3,2024-01-31 10:21:11
1692,2162,5,2023-12-13 18:16:16
1061,2085,3,2024-07-25 18:04:26
1490,2005,4,2023-10-09 14:33:08
1253,2007,1,2024-07-25 06:27:37
1642,2473,2,2023-11-28 19:58:01
1358,2812,3,2024-07-03 07:22:48
1163,2318,2,2023-10-17 19:09:24
1253,2201,4,2023-11-16 09:20:53
1741,2675,5,2024-06-20 09:46:25
1232,2328,1,2024-03-02 03:15:49
1619,2250,4,2024-08-18 05:02:12
1198,2416,4,2023-10-29 08:29:06
1395,2938,1,2024-07-28 01:55:26
1220,2216,3,2024-04-15 22:49:47
1668,2216,2,2024-07-25 08:32:38
1161,2815,2,2024-08-15 11:51:51
1511,2918,5,2024-01-09 03:57:39
1162,2042,4,2024-06-15 12:27:35
1303,2330,3,2023-09-19 01:48:29
1764,2429,3,2024-05-08 21:36:02
1674,2661,3,2024-02-06 16:30:15
1653,2182,1,2023-12-20 13:21:45
1890,2789,1,2023-10-13 15:06:34
1954,2837,5,2024-05-18 08:17:22
1598,2583,5,2024-07-02 06:13:14
1493,2180,5,2023-12-08 01:38:32
1518,2148,4,2024-01-11 09:25:40
1680,2009,2,2023-09-22 19:02:06
1796,2395,4,2024-03-07 22:39:54
1608,2331,1,2023-09-26 09:13:14
1547,2721,1,2024-08-16 13:51:55
1881,2355,3,2024-02-14 09:50:07
1489,2799,1,2024-02-05 00:57:19
1503,2050,1,2024-08-06 12:55:46
1381,2954,2,2024-07-14 17:46:25
1648,2362,5,2024-07-02 06:18:21
1666,2162,3,2024-04-27 11:50:36
1974,2840,3,2024-05-09 21:41:59
1129,2176,1,2024-07-09 02:16:38
1792,2943,4,2023-12-20 18:03:50
1376,2222,5,2024-07-25 04:01:10
1451,2416,1,2024-04-22 03:31:54
1445,2618,5,2024-03-09 21:45:49
1523,2166,4,2023-12-16 08:29:15
1743,2659,1,2023-09-25 02:47:10
1983,2913,5,2024-03-14 20:53:26
1731,2257,2,2024-04-17 02:47:40
1210,2484,5,2024-01-25 09:17:38
1225,2996,2,2024-05-24 02:20:31
1196,2400,4,2024-03-05 21:12:20
1057,2969,1,2023-12-17 02:59:12
1213,2279,4,2024-06-14 20:46:11
1380,2117,2,2024-03-23 08:41:47
1451,2599,2,2023-11-10 03:12:10
1893,2367,4,2024-06-02 20:43:48
1812,2929,1,2024-06-23 02:19:13
1960,2164,4,2024-07-21 22:53:53
1630,2023,1,2024-06-07 14:54:22
1745,2602,4,2023-12-21 01:28:56
1767,2092,5,2023-12-05 14:12:06
1970,2155,3,2023-09-15 00:24:06
1627,2207,1,2024-01-01 10:45:34
1615,2483,5,2024-05-20 03:22:21
1592,2407,1,2024-07-06 18:43:29
1033,2035,1,2023-12-23 03:12:03
2000,2050,2,2023-11-19 16:39:42
1152,2659,5,2024-01-12 00:40:23
1537,2756,3,2023-08-29 10:42:35
1230,2665,3,2023-09-25 15:28:57
1288,2395,5,2024-02-11 03:49:31
1620,2033,3,2023-09-07 06:28:09
1363,2111,1,2023-12-22 07:45:55
1016,2739,3,2023-09-29 12:36:43
1715,2714,2,2024-02-18 08:35:49
1116,2965,1,2024-01-26 11:17:55
1349,2232,5,2024-04-13 06:38:04
1111,2352,2,2024-06-09 08:01:58
1012,2984,5,2023-11-04 13:30:29
1639,2285,3,2023-09-14 03:46:39
1633,2636,1,2023-10-13 03:42:04
1392,2170,5,2024-07-22 09:45:55
1965,2297,2,2024-07-21 08:53:54
1063,2270,3,2023-11-04 23:31:03
1686,2510,3,2023-10-20 17:53:07
1093,2053,4,2024-08-15 00:14:18
1094,2625,5,2024-01-25 16:32:11
1250,2391,1,2023-09-13 09:51:57
1980,2182,3,2024-02-26 03:05:30
1281,2955,2,2024-01-09 05:16:39
1667,2083,2,2024-01-27 10:36:18
1861,2997,3,2023-10-06 23:40:38
1567,2531,4,2024-04-14 17:27:21
1423,2981,2,2024-04-19 09:41:35
1982,2454,3,2023-09-28 11:00:46
1507,2142,4,2023-12-25 13:34:26
1676,2764,1,2024-06-10 22:11:12
1898,2953,3,2024-06-03 23:26:01
1572,2916,4,2024-01-15 03:57:37
1952,2733,2,2024-03-26 11:01:32
1472,2065,2,2024-03-30 15:03:27
1670,2076,3,2024-06-29 10:47:43
1384,2997,2,2023-09-21 15:20:42
1360,2875,4,2023-11-23 03:12:10
1079,2596,4,2024-02-24 10:17:57
1212,2886,5,2024-08-09 02:12:25
1149,2010,4,2024-07-19 07:12:35
1744,2381,3,2024-08-05 08:57:30
1093,2520,5,2023-11-14 00:45:48
1759,2394,5,2023-11-04 19:07:49
1331,2708,1,2024-06-28 15:12:33
1954,2163,2,2024-02-10 04:44:30
1040,2766,4,2024-01-21 09:44:37
1085,2784,5,2024-03-03 11:18:21
1816,2767,3,2024-06-03 23:23:21
1484,2385,1,2024-02-26 08:09:30
1253,2790,4,2024-04-27 03:16:25
1724,2707,1,2024-04-03 14:48:11
1019,2040,2,2024-04-24 07:33:52
1516,2033,3,2024-08-21 13:54:30
1677,2450,3,2024-07-27 08:26:40
1685,2849,1,2024-07-11 02:49:54
1946,2885,4,2024-01-18 18:55:19
1607,2319,1,2024-04-01 16:48:21
1646,2124,4,2023-09-23 02:50:57
1351,2323,3,2024-03-29 17:38:05
1353,2116,3,2024-06-05 12:18:58
1013,2917,5,2023-09-22 10:27:11
1720,2085,4,2023-08-24 01:58:07
1653,2644,1,2024-02-27 10:28:09
1368,2801,5,2024-02-25 11:49:47
1821,2357,1,2024-08-18 07:28:51
1179,2425,5,2023-10-08 17:37:05
1443,2936,3,2024-06-18 20:25:23
1306,2367,4,2023-11-25 08:32:47
1463,2621,4,2024-04-09 08:55:25
1146,2788,5,2023-11-27 13:47:13
1146,2380,1,2023-10-16 00:39:17
1275,2087,2,2024-05-21 09:29:40
1497,2797,3,2024-05-16 18:07:31
1831,2610,3,2024-02-24 23:48:43
1958,2560,2,2023-12-05 19:34:20
1706,2764,3,2024-06-23 04:21:13
1262,2487,3,2024-01-30 23:27:44
1262,2543,1,2024-06-02 01:06:08
2000,2350,5,2024-07-20 19:54:16
1169,2748,2,2024-04-11 14:33:49
1343,2230,4,2024-04-09 00:19:48
1676,2281,2,2024-06-14 23:21:34
1253,2404,5,2024-06-24 13:53:13
1274,2618,1,2023-11-13 04:37:29
1079,2035,1,2024-05-19 23:28:33
1575,2981,1,2023-10-06 20:11:41
1690,2384,4,2023-12-10 23:57:55
1232,2616,3,2023-12-08 22:03:29
1706,2174,4,2024-06-10 08:09:44
1293,2085,5,2024-07-08 03:35:15
1201,2685,5,2024-02-27 18:55:45
1297,2056,4,2024-01-27 05:47:45
1066,2958,3,2024-06-27 22:35:06
1670,2912,5,2023-10-07 15:11:33
1581,2023,5,2024-07-09 18:59:42
1888,2657,1,2023-11-01 11:19:21
1177,2195,2,2024-07-03 14:15:37
1013,2876,5,2024-07-31 04:46:27
1925,2557,5,2023-10-12 14:24:39
1718,2594,4,2024-01-18 08:26:28
1097,2679,4,2023-08-28 03:51:22
1077,2996,5,2024-06-21 15:30:07
1708,2291,4,2023-11-29 05:20:41
1808,2889,1,2024-06-01 06:06:21
1367,2548,4,2023-09-21 12:54:14
1070,2746,4,2024-02-05 04:20:48
1329,2016,3,2023-09-12 22:12:17
1806,2737,2,2024-03-07 22:51:36
1524,2822,3,2023-12-30 19:34:57
1943,2513,3,2024-07-23 14:04:27
1464,2789,1,2024-04-11 12:10:51
1093,2451,4,2023-09-20 21:16:34
1892,2924,5,2024-01-10 15:54:32
1479,2316,2,2024-07-29 05:19:51
1993,2353,3,2024-08-04 02:09:43
1878,2029,1,2024-04-24 18:47:14
1375,2397,3,2024-01-21 07:44:03
1364,2950,3,2024-04-26 17:44:49
1314,2548,4,2024-08-21 01:38:11
1452,2899,2,2023-09-23 01:22:04
1486,2101,3,2023-11-07 17:48:19
1857,2937,3,2024-06-01 06:46:17
1349,2617,5,2023-10-20 11:35:47
1588,2227,4,2023-10-03 02:06:06
1977,2588,1,2023-11-09 01:37:01
1767,2050,4,2024-06-17 07:48:47
1970,2722,1,2023-12-23 09:24:53
1883,2077,1,2023-12-13 02:31:45
1454,2310,4,2024-04-01 11:43:59
1853,2870,3,2024-03-29 23:15:02
1241,2435,4,2024-07-26 12:21:02
1704,2249,4,2024-03-10 00:17:59
1725,2533,3,2023-12-24 19:32:17
1539,2589,2,2024-06-27 15:13:32
1413,2935,1,2024-05-21 20:48:01
1631,2988,5,2024-01-08 18:01:54
1989,2576,4,2024-04-03 07:05:20
1158,2668,1,2023-10-24 08:19:20
1260,2387,5,2024-03-22 20:02:13
1864,2772,1,2024-03-18 12:25:54
1396,2397,2,2023-09-22 08:52:20
1380,2443,5,2024-06-24 15:18:47
1969,2031,5,2023-09-27 16:50:03
1438,2002,1,2024-06-08 15:16:01
1562,2135,2,2024-02-03 18:34:20
1179,2264,4,2023-08-30 22:50:51
1811,2699,3,2024-03-26 02:19:27
1009,2988,4,2024-03-19 15:24:54
1167,2337,3,2024-04-29 18:00:12
1379,2898,2,2024-06-13 01:59:21
1790,2957,2,2023-10-22 01:10:23
1908,2160,1,2023-12-08 21:59:55
1235,2453,2,2024-04-19 03:14:17
1199,2477,1,2023-12-10 01:44:10
1408,2089,5,2023-09-21 07:44:17
1069,2294,5,2023-09-27 00:12:16
1907,2160,4,2024-07-20 16:02:41
1290,2879,2,2023-08-28 07:47:57
1904,2578,5,2024-02-29 23:27:04
1335,2582,5,2024-02-07 10:03:17
1502,2246,3,2024-05-24 00:37:13
1747,2939,3,2024-07-10 19:55:03
1329,2547,3,2023-09-09 13:45:50
1171,2110,2,2023-12-10 00:30:03
1807,2010,2,2024-03-11 07:24:14
1916,2257,5,2023-10-12 16:34:10
1430,2507,2,2023-12-03 02:45:48
1806,2673,3,2024-08-06 02:50:54
1612,2589,3,2023-10-20 08:29:11
1975,2557,3,2023-10-22 15:41:10
1580,2254,1,2024-06-26 18:15:19
1261,2725,1,2024-02-23 00:29:51
1256,2728,5,2023-12-31 22:39:22
1286,2938,1,2024-04-26 22:11:08
1892,2199,3,2023-10-05 15:02:15
1984,2659,1,2024-05-09 13:37:28
1418,2662,4,2024-01-30 15:12:17
1243,2219,2,2023-10-19 15:29:17
1109,2351,1,2024-04-06 14:27:36
1066,2010,2,2024-06-04 00:38:21
1794,2901,4,2024-04-23 04:41:55
1759,2866,2,2024-04-09 17:44:29
1017,2523,5,2024-02-23 23:24:44
1306,2392,4,2024-08-02 02:16:24
1124,2504,1,2023-12-10 22:44:33
1756,2318,1,2023-11-12 08:06:20
1981,2844,3,2024-06-03 11:38:05
1858,2541,3,2023-11-18 13:09:55
1869,2878,4,2024-01-28 02:16:34
1877,2429,5,2023-11-15 14:58:55
1497,2472,3,2024-05-17 15:45:41
1655,2838,4,2023-09-30 09:47:55
1738,2676,4,2024-08-11 10:59:50
1377,2313,5,2024-06-05 13:20:26
1320,2204,3,2023-12-15 16:35:24
1294,2504,1,2024-06-12 18:51:31
1539,2017,3,2023-10-03 01:48:49
1576,2039,2,2023-10-11 09:29:12
1115,2450,5,2023-11-13 00:46:11
1045,2216,1,2024-02-26 23:28:02
1265,2923,1,2024-02-26 10:03:10
1381,2846,5,2023-10-18 20:50:21
1985,2171,4,2024-05-11 09:24:24
1406,2355,1,2024-06-21 02:42:46
1795,2552,2,2024-05-26 00:33:16
1083,2173,5,2023-11-18 12:51:40
1794,2070,3,2023-12-25 07:35:22
1006,2796,3,2024-08-12 10:42:10
1525,2063,5,2023-10-13 09:39:50
1761,2205,1,2024-03-09 16:25:10
1765,2040,5,2024-03-15 08:37:47
1031,2529,1,2023-12-25 09:39:00
1877,2832,1,2024-04-11 10:12:47
1909,2677,3,2024-02-24 05:41:47
1793,2223,2,2024-08-21 23:28:03
1078,2825,1,2023-12-24 08:36:49
1612,2938,2,2024-08-06 03:48:48
1815,2884,4,2024-03-02 09:10:46
1425,2387,4,2024-06-12 20:48:35
1858,2623,2,2024-06-26 04:32:31
1385,2975,3,2023-09-03 14:37:00
1997,2647,4,2024-06-12 04:00:35
1244,2505,3,2023-08-24 05:22:46
1874,2634,5,2023-08-30 16:10:33
1986,2990,4,2024-05-31 16:29:21
1685,2179,5,2023-12-06 15:02:01
1375,2059,2,2024-05-01 19:50:49
1769,2245,5,2024-04-14 16:36:44
1796,2368,4,2024-06-23 16:31:13
1406,2467,1,2024-07-24 11:53:13
1223,2884,4,2023-11-15 22:11:09
1426,2354,4,2023-12-13 01:18:42
1003,2479,1,2024-01-25 18:35:12
1044,2155,3,2024-02-03 19:23:32
1536,2916,3,2023-11-24 00:19:04
1397,2880,3,2024-06-10 05:48:41
1148,2123,4,2024-01-19 20:30:32
1130,2068,3,2024-08-03 16:38:22
1828,2729,4,2024-01-08 07:37:55
1892,2608,1,2024-02-18 15:35:18
1897,2545,5,2024-03-04 16:33:31
1118,2652,1,2023-12-29 01:04:33
1785,2186,5,2024-07-21 10:48:12
1552,2224,4,2024-06-06 13:17:26
1367,2128,3,2023-11-06 07:04:43
1285,2469,2,2024-03-31 03:45:22
1436,2732,1,2024-06-19 03:51:52
1841,2277,2,2023-10-25 03:12:01
1060,2610,3,2024-02-01 02:58:56
1375,2404,1,2023-10-04 01:49:06
1693,2114,1,2023-12-20 18:11:53
1285,2129,4,2023-10-05 03:05:23
1978,2315,1,2024-04-21 03:45:43
1990,2098,4,2024-07-17 21:02:04
1176,2745,4,2024-07-03 22:14:39
1075,2143,3,2024-01-26 06:44:56
1023,2181,5,2024-05-08 12:49:27
1469,2092,5,2023-10-10 01:11:21
1034,2678,4,2024-06-18 16:31:17
1708,2133,5,2024-01-13 07:03:59
1156,2387,3,2024-08-15 22:33:52
1501,2459,2,2024-03-11 09:15:45
1970,2698,4,2023-12-10 13:15:15
1532,2628,4,2023-09-27 00:22:41
1861,2456,3,2023-12-18 15:20:19
1053,2496,3,2024-03-17 07:59:49
1853,2850,1,2023-08-25 18:52:59
1004,2681,1,2023-11-24 17:15:37
1290,2073,1,2024-02-20 21:15:01
1850,2768,3,2024-03-12 22:47:42
1653,2998,1,2024-08-05 23:36:20
1208,2260,2,2024-01-10 22:05:00
1263,2783,1,2024-06-19 21:12:36
1550,2203,3,2024-05-09 18:25:26
1990,2052,1,2023-10-09 04:31:23
1356,2723,3,2024-03-24 08:10:06
1045,2827,2,2024-03-08 13:31:20
1789,2412,3,2024-05-01 09:12:17
1142,2258,5,2023-11-16 19:20:07
1914,2037,5,2023-12-05 16:26:39
1045,2920,4,2023-10-07 20:47:20
1565,2301,2,2024-07-30 07:18:06
1269,2900,2,2024-01-24 12:41:48
1951,2581,2,2024-05-30 14:16:49
1936,2782,4,2024-01-01 00:22:07
1354,2796,3,2024-07-03 17:46:29
1413,2612,5,2024-07-24 09:27:25
1615,2452,1,2024-03-13 15:53:47
1631,2529,1,2024-01-29 05:13:42
1191,2724,5,2024-06-03 08:41:55
1889,2525,4,2024-07-19 01:07:17
1301,2949,1,2024-06-20 22:15:28
1815,2574,2,2024-02-22 11:18:37
1043,2068,4,2024-07-26 10:06:12
1212,2203,2,2024-05-23 01:29:55
1726,2109,4,2024-07-24 23:12:56
1941,2937,1,2024-06-06 16:38:01
1737,2751,4,2024-04-25 20:22:17
1603,2340,1,2024-05-03 14:35:22
1281,2491,3,2024-06-25 02:03:15
1175,2469,2,2024-02-12 02:05:53
1801,2760,3,2023-12-01 04:18:16
1142,2463,1,2023-09-10 21:26:33
1298,2470,1,2024-07-01 03:41:46
1863,2815,3,2024-03-08 20:09:22
1373,2468,4,2024-06-05 14:50:45
1947,2720,3,2023-10-19 06:01:10
1456,2248,2,2024-04-26 12:15:56
1896,2823,1,2023-10-04 23:53:00
1866,2184,4,2024-03-18 02:02:26
1817,2994,4,2023-11-03 02:20:38
1113,2181,5,2024-07-26 15:35:00
1399,2922,3,2024-07-03 21:13:58
1953,2010,3,2023-10-14 10:44:39
1478,2814,3,2023-08-24 16:18:01
1705,2097,3,2023-09-26 07:15:12
1996,2318,2,2023-11-15 15:07:36
1057,2863,3,2024-03-07 20:31:47
1088,2972,5,2023-09-18 14:04:31
1656,2912,3,2024-06-01 02:51:10
1375,2052,5,2024-03-29 12:45:48
1724,2041,3,2024-07-31 23:48:40
1039,2013,4,2023-12-10 16:17:39
1608,2621,2,2023-11-30 00:55:00
1743,2043,1,2024-05-04 19:09:36
1600,2605,4,2024-07-25 02:55:56
1638,2109,4,2024-07-31 23:42:04
1693,2409,1,2024-07-11 12:03:18
1771,2633,5,2024-03-08 06:12:47
1095,2269,1,2024-01-12 15:09:44
1530,2805,3,2024-06-28 21:00:54
1162,2465,4,2024-08-14 14:53:53
1981,2548,3,2024-03-26 15:54:23
1882,2760,4,2023-09-23 07:26:13
1488,2531,4,2024-04-11 19:07:52
1092,2651,5,2023-11-24 00:22:05
1732,2611,4,2024-03-12 02:53:56
1719,2144,5,2024-02-10 01:07:52
1199,2815,3,2024-01-06 23:23:58
1799,2332,1,2024-04-26 12:38:12
1701,2556,2,2024-04-24 06:23:48
1803,2460,5,2023-09-21 05:04:36
1503,2469,2,2024-05-18 12:28:27
1951,2706,4,2023-09-20 21:43:07
1913,2239,5,2024-06-06 07:24:30
1920,2561,1,2023-10-06 22:43:30
1396,2395,3,2024-06-30 03:46:07
1075,2098,5,2024-02-13 08:11:11
1370,2285,5,2024-01-14 20:01:18
1629,2176,4,2024-05-19 15:25:22
1347,2618,2,2024-01-06 13:04:56
1239,2612,5,2023-10-07 19:05:31
1688,2350,3,2023-11-18 20:08:03
1455,2441,1,2023-11-09 22:40:52
1588,2515,1,2023-10-28 12:42:37
1361,2288,2,2024-06-20 01:02:17
1439,2123,1,2024-07-02 00:13:59
1806,2143,2,2024-05-27 02:33:34
1371,2109,3,2024-01-23 06:44:12
1036,2090,5,2024-06-15 06:04:07
1974,2415,2,2024-01-03 16:08:32
1296,2842,1,2024-06-26 00:22:58
1046,2488,3,2023-10-10 07:46:09
1170,2146,4,2024-01-27 23:20:22
1420,2972,2,2023-11-28 12:46:13
1573,2936,3,2023-10-08 02:44:46
1594,2263,1,2024-08-16 19:07:02
1607,2576,5,2024-04-23 08:52:42
1477,2259,5,2024-02-12 05:34:55
1803,2783,5,2024-04-19 10:36:43
1574,2339,4,2023-12-05 23:04:02
1260,2237,5,2023-12-24 22:23:47
1975,2947,3,2024-01-25 17:18:41
1350,2570,4,2024-05-23 13:51:37
1130,2537,3,2023-12-19 03:19:25
1257,2816,1,2024-04-02 08:27:48
1944,2394,1,2023-10-26 09:01:29
1798,2419,2,2024-08-19 04:49:58
1019,2110,5,2024-01-18 16:33:43
1505,2034,4,2023-11-15 06:18:06
1255,2638,1,2024-08-22 04:05:25
1134,2499,5,2024-01-23 23:25:42
1487,2598,3,2024-02-05 23:42:11
1960,2647,5,2024-04-05 05:38:05
1685,2213,1,2023-11-03 07:25:01
1350,2019,3,2024-01-16 10:04:11
1119,2815,5,2024-07-09 09:42:14
1227,2507,5,2024-03-06 05:52:25
1212,2356,5,2024-02-11 07:50:24
1487,2321,3,2023-12-28 10:09:09
1191,2995,4,2023-11-17 01:19:04
1495,2237,1,2024-06-05 22:01:14
1127,2365,4,2024-03-25 09:47:28
1044,2519,3,2023-09-10 00:01:33
1130,2529,1,2024-04-30 11:06:26
1186,2622,4,2024-03-17 18:45:58
1481,2922,3,2024-02-05 06:40:44
1959,2587,4,2023-10-27 18:13:30
1921,2957,1,2024-07-24 06:32:46
1287,2182,3,2024-05-05 03:06:56
1097,2563,2,2023-11-27 03:10:14
1546,2955,5,2024-01-18 11:00:43
1696,2805,1,2024-08-15 10:24:46
1403,2124,5,2024-03-26 05:38:59
1119,2853,2,2023-12-17 16:00:12
1693,2711,5,2024-01-24 02:46:25
1959,2872,5,2024-05-12 11:47:55
1878,2787,3,2024-07-25 05:03:55
1130,2753,5,2024-08-08 18:51:51
1425,2435,5,2024-06-24 17:43:10
1937,2318,1,2024-01-03 16:57:55
1871,2190,4,2024-08-22 09:48:47
1411,2946,2,2024-04-13 09:47:09
1052,2561,4,2024-05-11 02:31:21
1444,2382,3,2024-07-03 07:41:54
1374,2976,5,2023-11-15 16:35:28
1649,2674,2,2024-04-02 23:56:24
1804,2479,4,2024-03-27 20:09:35
1404,2593,4,2023-11-19 00:25:16
1732,2597,1,2024-06-30 22:31:16
1083,2319,3,2023-11-04 19:04:45
1414,2453,2,2024-05-12 21:55:16
1198,2259,1,2023-10-15 13:45:14
1298,2280,4,2023-12-24 19:55:09
1129,2498,3,2024-08-07 05:38:28
1438,2692,4,2024-08-08 10:12:11
1207,2294,4,2023-08-27 08:39:32
1850,2983,5,2024-05-26 08:44:33
1179,2041,5,2024-03-06 10:37:03
1816,2973,1,2024-03-10 05:40:39
1626,2278,3,2024-06-22 04:44:01
1529,2086,5,2024-01-18 19:47:39
1317,2857,5,2024-01-23 03:02:49
1337,2863,1,2024-06-27 12:29:01
1315,2225,5,2023-11-07 19:42:01
1816,2068,3,2024-07-24 04:41:32
1334,2077,3,2024-02-10 03:43:13
1856,2155,5,2024-01-24 05:56:09
1447,2692,2,2024-06-11 01:32:01
1359,2277,3,2024-02-26 07:00:06
1313,2105,3,2024-01-25 18:23:39
1095,2219,2,2024-07-14 03:19:40
1878,2944,3,2024-03-04 18:17:29
1128,2200,1,2024-01-19 00:24:27
1332,2547,2,2024-07-24 03:07:06
1656,2292,2,2024-07-10 10:06:19
1972,2731,1,2023-12-23 01:32:08
1404,2725,2,2024-06-04 12:16:50
1596,2648,2,2024-07-20 20:28:05
1761,2530,2,2024-03-03 23:05:39
1125,2514,4,2024-08-09 13:51:12
1480,2712,3,2023-11-22 09:39:30
1650,2715,2,2023-12-30 06:44:32
1815,2030,2,2023-10-26 14:31:50
1132,2231,3,2024-03-09 05:57:10
1152,2502,3,2024-05-28 02:34:01
1933,2506,2,2024-06-24 04:34:55
1908,2533,5,2023-11-05 19:32:40
1967,2448,4,2023-11-01 11:38:03
1126,2555,1,2024-02-20 01:07:23
1612,2891,5,2024-07-28 21:24:04
1508,2457,2,2024-02-01 07:16:51
1908,2752,1,2024-07-31 03:27:11
1712,2929,4,2023-10-08 23:22:06
1115,2452,5,2023-10-28 16:25:04
1910,2521,1,2024-04-02 03:13:55
1538,2433,2,2023-09-28 12:25:11
1145,2068,4,2023-08-24 08:18:51
1878,2131,5,2023-10-16 04:55:03
1281,2789,4,2024-06-25 09:42:38
1566,2513,1,2023-09-16 03:24:11
1685,2942,2,2024-06-13 14:52:49
1399,2808,3,2024-04-16 21:37:26
1952,2174,5,2024-04-19 07:33:30
1855,2141,3,2024-08-17 23:24:12
1745,2721,2,2024-08-09 16:05:27
1061,2243,5,2024-04-12 07:55:07
1140,2157,5,2023-11-25 01:01:54
1596,2276,3,2023-10-06 04:23:19
1935,2033,2,2024-05-14 10:15:23
1655,2452,1,2024-02-12 14:30:52
1928,2907,5,2024-06-01 10:47:47
1659,2947,4,2023-09-18 03:33:36
1034,2455,4,2024-03-27 13:19:04
1237,2212,5,2023-08-26 15:22:51
1140,2702,2,2024-07-07 21:53:01
1982,2361,2,2024-03-30 08:08:54
1223,2196,3,2023-09-23 02:10:41
1529,2488,3,2024-03-15 10:56:37
1232,2870,2,2023-10-27 07:34:17
1367,2481,4,2024-01-14 02:39:14
1179,2484,5,2023-11-25 08:10:25
1495,2969,3,2024-05-04 10:32:38
1930,2016,2,2024-05-29 11:17:49
1402,2294,2,2024-07-18 16:23:16
1171,2032,5,2023-12-16 19:42:08
1786,2583,2,2023-12-12 01:36:22
1808,2600,2,2024-02-03 22:04:53
1261,2182,1,2023-10-18 16:12:14
1342,2954,2,2024-03-19 01:16:45
1602,2847,1,2023-09-21 17:42:38
1234,2375,1,2024-07-18 08:14:32
1641,2334,4,2024-03-27 10:22:07
1607,2540,2,2023-09-29 13:52:33
1035,2444,4,2023-10-12 13:52:20
1979,2637,2,2023-12-03 08:52:47
1079,2893,5,2024-06-08 22:28:46
1449,2729,2,2024-07-02 02:50:58
1675,2057,4,2023-09-28 03:25:04
1463,2042,5,2024-07-19 17:50:47
1679,2250,1,2024-01-11 16:51:34
1790,2907,5,2024-02-05 07:41:04
1755,2090,3,2023-10-25 23:41:32
1987,2058,5,2023-12-11 01:52:31
1263,2648,3,2024-05-11 00:56:07
1243,2663,2,2024-05-07 08:26:25
1876,2759,3,2023-11-23 01:35:51
1009,2430,5,2024-08-22 00:35:42
1775,2907,2,2024-04-29 19:02:33
1225,2743,2,2024-08-01 05:17:22
1759,2067,1,2023-09-18 08:32:13
1669,2677,5,2024-04-05 01:34:37
1208,2528,4,2024-01-17 08:13:33
1818,2241,2,2023-09-25 10:08:34
1659,2244,3,2023-10-03 14:28:25
1962,2771,1,2024-08-13 01:02:03
1484,2310,1,2024-05-20 03:18:59
1284,2038,4,2024-07-28 09:11:36
1032,2243,1,2024-03-21 22:49:54
1292,2615,4,2024-02-24 00:42:35
1619,2758,2,2024-07-04 19:58:20
1138,2838,5,2023-10-23 04:03:07
1605,2447,4,2024-07-06 13:35:37
1278,2994,4,2023-12-31 16:26:43
1801,2399,2,2024-03-11 21:17:42
1562,2010,5,2023-10-04 14:18:20
1059,2088,3,2023-10-20 02:59:50
1104,2831,5,2024-06-19 11:55:00
1104,2254,5,2024-01-29 07:32:43
1301,2654,3,2024-03-12 14:54:13
1628,2341,4,2024-06-03 02:05:56
1084,2929,3,2024-01-26 19:26:20
1360,2087,4,2023-09-28 02:00:38
1367,2343,3,2024-05-02 23:21:27
1803,2921,3,2024-03-01 09:00:21
1884,2958,2,2023-08-30 07:17:29
1604,2412,3,2024-04-19 10:14:30
1908,2448,2,2023-11-02 17:27:04
1699,2421,4,2023-09-26 02:06:18
1260,2169,5,2024-02-26 05:48:15
1877,2111,2,2024-03-26 17:10:22
1599,2013,1,2023-11-15 17:36:58
1200,2242,5,2023-12-16 06:02:56
1738,2176,5,2023-09-25 11:43:57
1677,2535,5,2024-02-17 16:24:08
1383,2556,5,2024-04-25 06:07:32
1692,2296,3,2023-10-25 11:18:17
1334,2248,1,2024-04-10 13:59:20
1106,2898,3,2024-03-13 19:52:25
1685,2561,3,2024-01-15 11:25:56
1035,2618,4,2023-09-21 21:43:39
1840,2416,4,2023-12-09 23:02:35
1621,2637,3,2024-08-05 03:32:16
1037,2700,1,2023-10-17 17:18:08
1970,2900,5,2023-10-23 03:55:23
1706,2878,2,2023-09-16 22:56:14
1027,2536,5,2024-06-19 06:12:31
1651,2658,3,2023-12-17 02:49:48
1640,2880,5,2024-02-27 10:21:56
1132,2289,4,2023-11-17 03:29:25
1042,2160,4,2023-12-23 17:21:46
1691,2125,4,2023-09-27 19:03:35
1276,2213,3,2023-11-06 14:22:17
1473,2836,2,2023-09-03 03:39:15
1431,2715,3,2023-09-04 18:55:49
1228,2902,5,2023-11-09 22:14:29
1919,2948,4,2023-12-13 22:49:16
1165,2426,5,2023-10-08 12:26:19
1812,2993,5,2024-08-16 10:19:53
1042,2797,5,2023-10-07 02:43:39
1403,2755,4,2023-12-21 03:30:26
1416,2300,5,2023-12-04 08:38:09
1881,2430,4,2024-02-20 18:09:21
1685,2789,5,2024-03-22 13:12:58
1406,2030,5,2024-01-11 09:31:30
1575,2221,3,2023-12-12 04:29:19
1990,2594,2,2024-05-12 07:28:02
1253,2564,1,2024-03-13 16:26:14
1039,2465,3,2024-07-05 10:44:44
1938,2839,3,2024-06-30 08:51:32
1412,2492,5,2024-01-14 13:27:37
1072,2582,4,2024-03-03 05:34:21
1004,2862,3,2023-12-23 12:16:05
1913,2290,4,2024-04-13 22:34:13
1902,2804,3,2024-03-15 23:03:43
1743,2935,2,2024-08-07 13:32:57
1136,2399,3,2023-10-21 18:01:08
1848,2961,3,2024-08-05 02:52:10
1778,2519,2,2024-06-27 07:36:25
1844,2977,5,2023-12-11 13:31:10
1780,2079,3,2024-08-21 16:44:58
1800,2672,3,2024-05-23 15:39:35
1986,2462,2,2024-04-26 10:25:27
1126,2602,5,2024-06-29 15:10:02
1965,2500,5,2023-09-12 11:26:19
1102,2626,4,2024-01-19 16:43:03
1092,2695,1,2024-01-10 11:23:35
1205,2363,3,2024-03-31 02:22:52
1817,2498,1,2023-11-08 21:38:07
1234,2016,5,2024-04-12 11:44:27
1141,2948,4,2024-07-02 13:36:34
1420,2456,4,2024-06-04 19:45:06
1339,2303,4,2024-06-05 19:55:52
1592,2076,4,2024-02-09 08:22:28
1914,2950,4,2024-06-22 05:12:08
1624,2921,4,2023-12-23 01:55:48
1500,2075,4,2024-05-11 19:59:20
1366,2546,5,2023-10-30 22:47:00
1678,2396,4,2024-05-22 17:14:06
1028,2475,5,2023-12-02 15:30:46
1427,2872,3,2023-11-11 12:30:53
1115,2159,2,2024-06-09 19:01:20
1373,2850,2,2024-04-13 01:03:45
1757,2298,5,2023-11-12 02:42:55
1358,2824,4,2024-02-08 19:31:29
1851,2128,2,2024-03-12 18:21:04
1413,2209,2,2024-08-11 06:06:29
1306,2191,5,2023-09-23 16:13:23
1457,2449,4,2023-09-02 04:32:57
1839,2779,2,2024-03-30 04:14:01
1467,2360,3,2024-04-28 03:22:34
1128,2776,5,2024-05-06 01:49:55
1754,2485,4,2023-09-01 20:56:27
1939,2905,3,2024-02-11 02:21:20
1396,2667,5,2023-11-13 16:13:46
1368,2058,1,2023-12-16 11:28:41
1557,2102,2,2024-05-09 18:01:53
1593,2812,3,2024-02-17 17:39:08
1161,2103,4,2023-09-07 08:18:07
1786,2183,1,2024-04-18 06:26:29
1116,2874,5,2023-10-25 23:59:49
1779,2676,5,2024-03-24 03:20:40
1318,2816,2,2024-05-22 22:32:53
1911,2447,1,2024-04-02 21:55:09
1343,2427,2,2024-06-18 16:58:39
1828,2240,3,2024-03-04 04:18:47
1527,2797,3,2023-11-01 09:52:59
1749,2466,1,2024-04-20 23:10:36
1726,2523,1,2023-12-06 03:06:23
1737,2318,3,2024-05-08 17:41:24
1231,2904,3,2023-11-13 17:59:13
1057,2644,4,2023-12-31 17:21:27
1915,2280,1,2024-08-21 18:17:42
1305,2466,1,2024-05-30 02:02:56
1174,2804,2,2024-02-28 07:57:55
1247,2078,4,2024-01-01 06:27:18
1854,2253,3,2024-03-17 11:04:56
1176,2421,3,2023-10-23 07:02:03
1932,2572,5,2024-08-11 20:11:54
1864,2254,3,2023-09-23 07:31:49
1171,2058,1,2024-05-04 08:42:14
1342,2942,2,2023-10-28 01:23:50
1084,2117,3,2024-03-03 11:33:14
1738,2917,5,2023-12-30 17:20:10
1102,2657,3,2024-07-22 09:45:27
1773,2791,3,2023-10-04 05:30:39
1526,2266,5,2024-02-08 05:43:48
1895,2406,5,2023-11-09 10:42:54
1935,2906,3,2024-04-02 11:13:05
1355,2205,2,2024-01-14 05:43:52
1932,2291,4,2023-12-02 00:56:33
1695,2373,4,2024-01-29 23:30:19
1126,2687,4,2024-01-18 00:12:20
1798,2155,5,2023-08-31 22:24:26
1108,2423,3,2024-01-27 11:33:52
1871,2044,3,2024-04-25 14:55:57
1990,2998,5,2024-05-03 06:49:24
1447,2518,2,2023-11-25 16:54:59
1027,2227,4,2023-11-28 14:57:37
1901,2425,1,2023-10-19 01:29:47
1018,2205,3,2023-12-29 07:05:10
1089,2586,5,2024-07-27 11:36:55
1266,2134,1,2024-05-03 03:52:43
1748,2132,5,2024-07-26 17:52:54
1034,2083,1,2024-03-30 03:58:29
1132,2428,2,2024-04-02 02:36:57
1204,2799,2,2024-01-01 22:41:05
1497,2442,4,2024-04-19 12:23:32
1258,2292,5,2024-06-29 01:36:55
1956,2663,4,2023-10-11 01:26:46
1492,2869,3,2024-02-01 05:53:37
1812,2915,1,2024-05-23 22:06:36
1510,2344,2,2023-10-29 09:24:15
1091,2647,1,2023-11-25 21:50:40
1334,2634,4,2024-07-22 03:59:23
1236,2399,4,2023-09-23 05:59:51
1821,2477,5,2023-11-23 15:48:51
1585,2088,1,2024-02-13 18:18:17
1828,2778,5,2024-04-29 00:29:17
1358,2058,1,2024-07-21 00:16:20
1525,2919,1,2024-01-11 14:18:13
1393,2643,1,2023-10-29 14:26:04
1372,2511,1,2023-12-21 02:25:30
1893,2879,4,2023-10-27 12:49:12
1857,2020,1,2024-06-29 00:50:31
1950,2228,2,2023-11-01 05:58:48
1019,2444,5,2023-09-01 10:12:19
1368,2899,3,2024-07-22 17:15:17
1889,2860,3,2023-09-17 22:26:11
1693,2504,5,2023-12-06 23:25:28
1287,2565,1,2024-05-02 21:32:58
1240,2802,4,2024-05-20 02:58:57
1395,2996,3,2023-11-08 11:48:41
1775,2561,4,2023-12-08 03:23:28
1545,2303,4,2024-08-10 14:38:06
1684,2207,3,2024-03-25 21:15:36
1478,2022,5,2024-05-26 15:43:04
1489,2944,2,2024-06-26 23:02:27
1655,2047,3,2023-11-12 05:26:36
1967,2027,5,2023-12-27 06:09:58
1397,2951,1,2024-07-01 00:53:57
1587,2699,2,2024-02-01 12:36:13
1121,2801,5,2024-07-17 07:59:19
1382,2776,1,2023-11-07 21:02:43
1903,2418,1,2023-09-05 10:50:27
1630,2996,4,2024-02-26 19:05:47
1146,2171,1,2023-09-18 21:14:43
1334,2424,5,2024-03-30 22:21:58
1526,2661,1,2024-04-13 05:56:03
1763,2569,3,2023-10-17 15:36:48
1302,2922,3,2024-05-05 11:06:51
1408,2133,2,2024-07-21 03:56:50
1614,2988,2,2024-03-12 03:23:46
1171,2640,2,2024-02-07 06:09:13
1544,2728,2,2024-06-27 04:04:21
1494,2244,3,2023-12-30 00:24:21
1903,2797,2,2024-03-16 02:08:09
1263,2849,5,2023-12-13 18:19:49
1314,2085,1,2024-07-06 01:31:52
1045,2815,5,2024-05-07 17:09:13
1465,2200,1,2023-09-19 17:47:35
1329,2680,4,2024-03-08 20:08:53
1798,2702,1,2023-10-26 03:11:03
1359,2998,5,2023-10-20 13:38:08
1721,2360,2,2024-06-10 13:09:10
1385,2720,1,2024-06-17 04:38:48
1222,2799,3,2024-02-11 21:29:22
1365,2072,5,2024-06-30 05:25:01
1527,2248,2,2023-12-25 23:41:04
1312,2444,3,2024-06-06 01:28:10
1002,2074,5,2024-05-07 21:52:21
1347,2324,5,2023-09-22 20:57:53
1337,2341,1,2023-08-31 16:05:14
1946,2892,1,2023-09-27 21:56:56
1293,2798,5,2023-11-19 04:27:57
1407,2162,5,2024-01-19 05:41:56
1265,2132,2,2024-01-21 16:07:05
1120,2892,3,2024-02-02 08:27:55
1417,2672,1,2023-12-15 22:33:31
1300,2109,5,2024-03-05 07:40:11
1987,2988,3,2023-10-20 14:42:06
1828,2187,4,2024-03-05 02:06:25
1561,2256,3,2023-10-29 16:03:27
1619,2008,4,2023-12-22 04:00:14
1178,2242,1,2024-02-26 11:04:00
1357,2757,1,2024-04-14 11:43:02
1877,2768,4,2024-03-11 05:46:36
1402,2833,4,2023-12-30 17:52:18
1886,2425,2,2023-12-03 22:49:58
1373,2956,2,2023-09-05 13:37:06
1209,2467,4,2024-04-04 17:51:25
1304,2967,1,2024-08-19 01:41:50
1392,2153,2,2024-05-10 04:17:49
1264,2216,1,2024-08-19 08:26:15
1716,2622,4,2023-11-25 18:52:05
1639,2825,2,2024-07-17 19:57:30
1652,2027,5,2024-05-31 13:51:27
1954,2058,5,2024-06-22 09:40:09
1949,2612,1,2024-04-08 11:26:20
1049,2803,1,2024-04-08 20:20:34
1584,2451,3,2024-04-05 09:29:56
